Image Filename,Image URL
0c45842b-79d8-4241-93cf-de7b4e64be3b.png,https://wdw888lb-7075.uks1.devtunnels.ms/resources/0c45842b-79d8-4241-93cf-de7b4e64be3b.png
4453108c-0128-4912-9bc5-4567be00dc83.jpg,https://wdw888lb-7075.uks1.devtunnels.ms/resources/4453108c-0128-4912-9bc5-4567be00dc83.jpg
460f986c-6e8a-4ca3-9017-e01fcc3e52cd.jpg,https://wdw888lb-7075.uks1.devtunnels.ms/resources/460f986c-6e8a-4ca3-9017-e01fcc3e52cd.jpg
4e7d4dbf-8909-4d25-b0a1-be4c23b86862.jpg,https://wdw888lb-7075.uks1.devtunnels.ms/resources/4e7d4dbf-8909-4d25-b0a1-be4c23b86862.jpg
4e8e7478-384b-4ea8-9e5d-893949899951.jpg,https://wdw888lb-7075.uks1.devtunnels.ms/resources/4e8e7478-384b-4ea8-9e5d-893949899951.jpg
5ca17efd-86e8-42d5-a91f-b179a4a87df6.jpg,https://wdw888lb-7075.uks1.devtunnels.ms/resources/5ca17efd-86e8-42d5-a91f-b179a4a87df6.jpg
5e7ad756-b14e-4192-a644-6ef6e0bcbbdb.jpg,https://wdw888lb-7075.uks1.devtunnels.ms/resources/5e7ad756-b14e-4192-a644-6ef6e0bcbbdb.jpg
81c003e2-e9cd-4fdc-a45d-a1c6239c4138.jpg,https://wdw888lb-7075.uks1.devtunnels.ms/resources/81c003e2-e9cd-4fdc-a45d-a1c6239c4138.jpg
8354ce75-26cc-47a2-a3bd-e9481a40a65c.jpg,https://wdw888lb-7075.uks1.devtunnels.ms/resources/8354ce75-26cc-47a2-a3bd-e9481a40a65c.jpg
8cfa3d5a-0659-4a61-9ea5-24cddb894796.jpg,https://wdw888lb-7075.uks1.devtunnels.ms/resources/8cfa3d5a-0659-4a61-9ea5-24cddb894796.jpg
9f950845-2d69-4ff2-b07b-eb91f51f376e.jpg,https://wdw888lb-7075.uks1.devtunnels.ms/resources/9f950845-2d69-4ff2-b07b-eb91f51f376e.jpg
abac12ee-5330-405f-bec0-198e0730afbc.jpg,https://wdw888lb-7075.uks1.devtunnels.ms/resources/abac12ee-5330-405f-bec0-198e0730afbc.jpg
abb647e0-2676-49b0-be53-bf2a7151c5ca.jpg,https://wdw888lb-7075.uks1.devtunnels.ms/resources/abb647e0-2676-49b0-be53-bf2a7151c5ca.jpg
af482b59-1590-4a08-b7d7-a204c01e08e1.jpg,https://wdw888lb-7075.uks1.devtunnels.ms/resources/af482b59-1590-4a08-b7d7-a204c01e08e1.jpg
d21c7e8c-cdc2-491b-97a5-d00988895141.jpg,https://wdw888lb-7075.uks1.devtunnels.ms/resources/d21c7e8c-cdc2-491b-97a5-d00988895141.jpg
dfe1bc65-d129-4657-8883-e97c07f241a0.jpg,https://wdw888lb-7075.uks1.devtunnels.ms/resources/dfe1bc65-d129-4657-8883-e97c07f241a0.jpg
ee413fab-286e-431c-a6ce-94ffe3c62898.jpg,https://wdw888lb-7075.uks1.devtunnels.ms/resources/ee413fab-286e-431c-a6ce-94ffe3c62898.jpg
